id,type_transaction,type_bien,prix,superficie,chambres,salles_bain,ville,quartier,annee_construction,type_courtier,date_publi,terrain_pi2,etages,garage,etage_unite,frais_condo,ascenseur,description
P0001,VENTE,CONDO,825000,1385,2,2.0,Montreal,Villeray - Boulevard Saint-Laurent,1968,PROPRIETAIRE_DIRECT,2026-06-23,,,,8,499,true,Unite bien entretenue dans un immeuble recent
P0002,VENTE,CONDO,817000,1175,2,1.0,Montreal,Rosemont - Boulevard Saint-Laurent,2017,PROPRIETAIRE_DIRECT,2026-07-19,,,,11,375,false,Unite bien entretenue dans un immeuble recent
P0003,VENTE,CONDO,833000,1377,2,1.0,Montreal,Rosemont - Boulevard Saint-Laurent,1973,COURTIER,2026-07-16,,,,10,604,true,Condo moderne avec aire ouverte et grandes fenetres
P0004,LOCATION,CONDO,1870,887,2,2.0,Laval,Sainte-Rose - Rue Principale,2017,PROPRIETAIRE_DIRECT,2026-07-02,,,,12,0,true,Condo lumineux a distance de marche du metro
P0005,VENTE,MAISON,723000,1599,4,2.5,Longueuil,Saint-Hubert - Boulevard Taschereau,1984,COURTIER,2026-06-24,5344,3,false,,,,Maison de plain-pied pres des ecoles et des parcs
P0006,VENTE,MAISON,448000,1137,3,1.5,Quebec,Montcalm - Boulevard Charest,1989,COURTIER,2026-06-17,3702,2,false,,,,Cottage renove avec cuisine moderne et sous-sol fini
P0007,LOCATION,CONDO,2130,1331,2,1.5,Laval,Sainte-Rose - Boulevard des Laurentides,1959,COURTIER,2026-05-21,,,,5,0,false,Unite bien entretenue dans un immeuble recent
P0008,VENTE,MAISON,456000,1363,4,2.5,Sherbrooke,Fleurimont - Rue Wellington,2016,COURTIER,2026-08-08,3240,1,false,,,,Maison familiale avec cour arriere amenagee
P0009,VENTE,CONDO,373000,733,1,1.0,Laval,Vimont - Rue Principale,1980,COURTIER,2026-07-29,,,,10,325,false,Logement pratique et ideal pour un premier achat
P0010,VENTE,CONDO,515000,1082,2,1.5,Longueuil,Vieux-Longueuil - Rue Saint-Charles,2015,PROPRIETAIRE_DIRECT,2026-06-08,,,,5,462,false,Unite bien entretenue dans un immeuble recent
P0011,VENTE,CONDO,189000,588,3,1.0,Quebec,Sainte-Foy - Rue Sainte-Catherine,1956,COURTIER,2026-07-19,,,,6,277,false,Condo moderne avec aire ouverte et grandes fenetres
P0012,LOCATION,MAISON,3120,1730,5,3.0,Montreal,Rosemont - Boulevard Saint-Laurent,1976,COURTIER,2026-06-14,6141,1,false,,,,Belle residence avec foyer au bois et veranda
P0013,VENTE,CONDO,1039000,1339,1,2.0,Montreal,Ville-Marie - Boulevard Saint-Laurent,2024,COURTIER,2026-06-11,,,,3,618,true,Condo lumineux a distance de marche du metro
P0014,LOCATION,CONDO,1460,1157,2,2.0,Quebec,Montcalm - Rue Sainte-Catherine,1975,COURTIER,2026-06-25,,,,6,0,true,Unite renovee avec balcon et rangement
P0015,LOCATION,CONDO,1690,774,3,1.0,Montreal,Verdun - Rue Sainte-Catherine,2008,COURTIER,2026-07-02,,,,13,0,false,Unite bien entretenue dans un immeuble recent
P0016,VENTE,CONDO,485000,1379,3,1.5,Quebec,Limoilou - Rue Sainte-Catherine,1966,COURTIER,2026-05-24,,,,6,607,true,Unite renovee avec balcon et rangement
P0017,VENTE,CONDO,686000,1063,2,1.5,Montreal,Le Plateau - Avenue du Parc,1982,COURTIER,2026-08-16,,,,3,347,true,Condo moderne avec aire ouverte et grandes fenetres
P0018,VENTE,CONDO,367000,998,2,1.5,Quebec,Sainte-Foy - Avenue Cartier,1968,COURTIER,2026-08-24,,,,2,303,false,Appartement au coeur du quartier avec transport a proximite
P0019,VENTE,MAISON,1002000,2369,3,1.0,Laval,Vimont - Avenue des Perron,1957,PROPRIETAIRE_DIRECT,2026-06-20,6431,3,true,,,,Maison spacieuse dans un secteur tranquille
P0020,VENTE,MAISON,974000,2845,3,2.0,Sherbrooke,Rock Forest - Rue Wellington,2014,COURTIER,2026-06-06,4581,2,true,,,,Maison de plain-pied pres des ecoles et des parcs
P0021,LOCATION,MAISON,4700,2316,4,2.0,Montreal,Ahuntsic - Avenue du Parc,1970,COURTIER,2026-08-30,6771,1,true,,,,Maison familiale avec cour arriere amenagee
P0022,VENTE,MAISON,1075000,2337,3,2.5,Longueuil,Saint-Hubert - Chemin de Chambly,2000,COURTIER,2026-07-18,6550,1,true,,,,Propriete lumineuse avec grande salle de sejour
P0023,LOCATION,MAISON,6330,2725,4,1.5,Montreal,Rosemont - Rue Ontario,2024,COURTIER,2026-08-30,8150,2,true,,,,Maison de plain-pied pres des ecoles et des parcs
P0024,LOCATION,CONDO,810,518,2,1.5,Sherbrooke,Fleurimont - Rue Wellington,2025,COURTIER,2026-05-28,,,,11,0,true,Condo lumineux a distance de marche du metro
P0025,LOCATION,CONDO,2290,1243,3,1.5,Laval,Vimont - Avenue des Perron,1974,PROPRIETAIRE_DIRECT,2026-08-03,,,,6,0,false,Appartement au coeur du quartier avec transport a proximite
P0026,VENTE,CONDO,283000,672,2,2.0,Longueuil,Vieux-Longueuil - Chemin de Chambly,1994,PROPRIETAIRE_DIRECT,2026-05-10,,,,12,270,true,Unite bien entretenue dans un immeuble recent
P0027,VENTE,MAISON,722000,1665,3,1.0,Longueuil,Greenfield Park - Boulevard Taschereau,1988,COURTIER,2026-05-16,7078,2,false,,,,Maison familiale avec cour arriere amenagee
P0028,LOCATION,CONDO,1450,1000,1,1.0,Laval,Vimont - Avenue des Perron,1975,COURTIER,2026-07-14,,,,10,0,true,Logement pratique et ideal pour un premier achat
P0029,VENTE,MAISON,1060000,1648,4,1.5,Montreal,Le Plateau - Rue Ontario,2000,COURTIER,2026-06-13,4604,3,true,,,,Propriete lumineuse avec grande salle de sejour
P0030,VENTE,MAISON,688000,1771,3,1.0,Longueuil,Greenfield Park - Boulevard Taschereau,1973,PROPRIETAIRE_DIRECT,2026-05-12,3531,2,false,,,,Maison de plain-pied pres des ecoles et des parcs
P0031,LOCATION,MAISON,2680,1535,4,2.5,Montreal,Villeray - Rue Sainte-Catherine,1971,COURTIER,2026-05-17,4269,1,false,,,,Maison spacieuse dans un secteur tranquille
P0032,VENTE,CONDO,701000,1328,2,2.0,Laval,Sainte-Rose - Boulevard Saint-Martin,1986,PROPRIETAIRE_DIRECT,2026-07-19,,,,13,563,false,Condo lumineux a distance de marche du metro
P0033,VENTE,CONDO,713000,998,2,1.5,Montreal,Villeray - Boulevard Saint-Laurent,2010,COURTIER,2026-06-01,,,,4,501,true,Unite renovee avec balcon et rangement
P0034,LOCATION,CONDO,1210,899,3,1.0,Quebec,Limoilou - Boulevard Charest,1999,COURTIER,2026-05-29,,,,6,0,false,Condo lumineux a distance de marche du metro
P0035,VENTE,MAISON,794000,2059,4,1.5,Quebec,Sainte-Foy - Avenue Cartier,1989,COURTIER,2026-08-17,5202,2,true,,,,Belle residence avec foyer au bois et veranda
P0036,VENTE,MAISON,1178000,3126,5,3.0,Laval,Vimont - Boulevard Saint-Martin,1967,PROPRIETAIRE_DIRECT,2026-07-18,5334,1,false,,,,Belle residence avec foyer au bois et veranda
P0037,VENTE,MAISON,1272000,3049,4,2.0,Laval,Chomedey - Boulevard Saint-Martin,2008,COURTIER,2026-05-28,5886,1,true,,,,Maison de plain-pied pres des ecoles et des parcs
P0038,LOCATION,CONDO,1010,560,2,1.0,Quebec,Sainte-Foy - Rue Saint-Jean,2002,PROPRIETAIRE_DIRECT,2026-08-13,,,,10,0,true,Unite renovee avec balcon et rangement
P0039,VENTE,MAISON,769000,1645,3,1.0,Longueuil,Vieux-Longueuil - Rue Saint-Charles,2021,COURTIER,2026-07-10,4092,2,false,,,,Maison spacieuse dans un secteur tranquille
P0040,VENTE,MAISON,1596000,2439,4,1.0,Montreal,Le Plateau - Boulevard Saint-Laurent,2017,PROPRIETAIRE_DIRECT,2026-08-15,7365,2,true,,,,Maison de plain-pied pres des ecoles et des parcs
P0041,LOCATION,CONDO,1710,703,1,2.0,Montreal,Villeray - Avenue Mont-Royal,1993,COURTIER,2026-06-01,,,,9,0,false,Logement pratique et ideal pour un premier achat
P0042,LOCATION,CONDO,1540,1090,2,2.0,Sherbrooke,Rock Forest - Rue King,2021,COURTIER,2026-07-20,,,,14,0,true,Unite bien entretenue dans un immeuble recent
P0043,LOCATION,CONDO,1970,1013,3,1.0,Quebec,Saint-Roch - Boulevard Charest,2022,COURTIER,2026-08-05,,,,9,0,true,Condo moderne avec aire ouverte et grandes fenetres
P0044,VENTE,CONDO,382000,619,2,1.5,Laval,Chomedey - Rue Principale,2017,COURTIER,2026-07-13,,,,3,298,true,Logement pratique et ideal pour un premier achat
P0045,VENTE,CONDO,252000,767,2,1.0,Quebec,Sainte-Foy - Rue Saint-Jean,1959,COURTIER,2026-06-24,,,,12,240,true,Unite renovee avec balcon et rangement
P0046,LOCATION,MAISON,2460,1218,4,1.5,Longueuil,Greenfield Park - Rue Saint-Charles,2024,COURTIER,2026-05-11,4384,1,false,,,,Belle residence avec foyer au bois et veranda
P0047,VENTE,CONDO,308000,576,2,1.5,Montreal,Ville-Marie - Rue Ontario,1962,COURTIER,2026-08-29,,,,7,268,true,Condo lumineux a distance de marche du metro
P0048,VENTE,MAISON,869000,1971,4,1.5,Quebec,Montcalm - Boulevard Charest,2018,COURTIER,2026-05-13,6358,1,false,,,,Maison de plain-pied pres des ecoles et des parcs
P0049,LOCATION,MAISON,2630,1475,3,1.5,Longueuil,Saint-Hubert - Boulevard Taschereau,2016,COURTIER,2026-08-22,3622,1,true,,,,Belle residence avec foyer au bois et veranda
P0050,LOCATION,MAISON,2950,1224,5,1.5,Montreal,Villeray - Avenue du Parc,2009,COURTIER,2026-05-08,4355,1,false,,,,Maison de plain-pied pres des ecoles et des parcs
P0051,LOCATION,CONDO,1310,621,1,1.0,Laval,Duvernay - Boulevard des Laurentides,2017,COURTIER,2026-07-18,,,,1,0,false,Unite bien entretenue dans un immeuble recent
P0052,VENTE,CONDO,333000,834,1,1.5,Quebec,Saint-Roch - Rue Sainte-Catherine,2014,COURTIER,2026-08-22,,,,10,273,false,Condo moderne avec aire ouverte et grandes fenetres
P0053,VENTE,CONDO,276000,617,1,1.0,Longueuil,Greenfield Park - Chemin de Chambly,1995,COURTIER,2026-08-11,,,,12,335,true,Condo lumineux a distance de marche du metro
P0054,VENTE,CONDO,315000,794,3,1.0,Longueuil,Saint-Hubert - Boulevard Taschereau,1974,COURTIER,2026-05-10,,,,9,409,false,Unite renovee avec balcon et rangement
P0055,VENTE,CONDO,347000,673,1,2.0,Laval,Sainte-Rose - Boulevard des Laurentides,2011,PROPRIETAIRE_DIRECT,2026-07-02,,,,12,208,false,Condo moderne avec aire ouverte et grandes fenetres
P0056,LOCATION,MAISON,2820,2194,4,3.0,Quebec,Limoilou - Rue Sainte-Catherine,1995,COURTIER,2026-06-16,6096,1,true,,,,Cottage renove avec cuisine moderne et sous-sol fini
P0057,LOCATION,CONDO,1530,890,1,1.0,Laval,Chomedey - Avenue des Perron,2008,PROPRIETAIRE_DIRECT,2026-07-30,,,,5,0,true,Condo lumineux a distance de marche du metro
P0058,LOCATION,MAISON,3280,2932,5,1.0,Sherbrooke,Fleurimont - Rue Wellington,1969,PROPRIETAIRE_DIRECT,2026-05-12,7014,1,true,,,,Maison spacieuse dans un secteur tranquille
P0059,VENTE,CONDO,251000,652,1,1.5,Longueuil,Greenfield Park - Boulevard Taschereau,1966,COURTIER,2026-07-27,,,,2,340,true,Appartement au coeur du quartier avec transport a proximite
P0060,VENTE,CONDO,681000,1319,1,1.5,Laval,Duvernay - Boulevard Saint-Martin,2018,COURTIER,2026-07-13,,,,7,523,true,Condo lumineux a distance de marche du metro
P0061,VENTE,CONDO,444000,1052,2,1.5,Laval,Chomedey - Boulevard des Laurentides,1976,COURTIER,2026-06-11,,,,2,512,true,Appartement au coeur du quartier avec transport a proximite
P0062,VENTE,CONDO,442000,1322,3,1.0,Sherbrooke,Centre-ville - Rue Wellington,1986,COURTIER,2026-07-22,,,,1,666,true,Unite renovee avec balcon et rangement
P0063,VENTE,CONDO,340000,1004,2,1.0,Sherbrooke,Centre-ville - Boulevard Portland,1998,COURTIER,2026-06-18,,,,7,521,false,Condo lumineux a distance de marche du metro
P0064,LOCATION,CONDO,1230,794,1,1.0,Laval,Chomedey - Boulevard des Laurentides,1977,COURTIER,2026-05-30,,,,11,0,false,Unite renovee avec balcon et rangement
P0065,LOCATION,MAISON,2290,1563,3,1.5,Quebec,Sainte-Foy - Rue Saint-Jean,2016,COURTIER,2026-06-26,3146,2,false,,,,Maison de plain-pied pres des ecoles et des parcs
P0066,LOCATION,MAISON,2400,1597,3,1.5,Sherbrooke,Centre-ville - Rue Wellington,2011,PROPRIETAIRE_DIRECT,2026-07-07,6248,2,false,,,,Propriete lumineuse avec grande salle de sejour
P0067,VENTE,CONDO,763000,1360,2,1.0,Montreal,Le Plateau - Rue Saint-Denis,1992,COURTIER,2026-06-23,,,,5,650,false,Logement pratique et ideal pour un premier achat
P0068,VENTE,CONDO,409000,715,3,1.0,Montreal,Ahuntsic - Boulevard Saint-Laurent,1967,COURTIER,2026-06-11,,,,5,378,false,Unite bien entretenue dans un immeuble recent
P0069,LOCATION,MAISON,2740,1819,5,2.0,Longueuil,Vieux-Longueuil - Chemin de Chambly,1986,COURTIER,2026-06-14,6063,3,true,,,,Propriete lumineuse avec grande salle de sejour
P0070,VENTE,MAISON,958000,2357,3,3.0,Laval,Vimont - Boulevard des Laurentides,1962,COURTIER,2026-06-22,6435,3,false,,,,Belle residence avec foyer au bois et veranda
P0071,LOCATION,CONDO,2010,1331,2,2.0,Quebec,Montcalm - Boulevard Charest,1999,COURTIER,2026-08-31,,,,14,0,true,Appartement au coeur du quartier avec transport a proximite
P0072,LOCATION,MAISON,2250,1538,3,1.5,Laval,Duvernay - Boulevard des Laurentides,1958,PROPRIETAIRE_DIRECT,2026-06-14,4821,3,true,,,,Cottage renove avec cuisine moderne et sous-sol fini
P0073,LOCATION,CONDO,1370,702,3,1.0,Montreal,Villeray - Rue Ontario,1969,PROPRIETAIRE_DIRECT,2026-07-19,,,,2,0,false,Logement pratique et ideal pour un premier achat
P0074,VENTE,MAISON,1275000,2499,3,2.5,Montreal,Villeray - Rue Sainte-Catherine,1963,PROPRIETAIRE_DIRECT,2026-08-20,7579,3,false,,,,Cottage renove avec cuisine moderne et sous-sol fini
P0075,VENTE,MAISON,1043000,1711,4,2.5,Montreal,Le Plateau - Rue Ontario,1985,PROPRIETAIRE_DIRECT,2026-05-07,6297,1,true,,,,Propriete lumineuse avec grande salle de sejour
P0076,LOCATION,CONDO,1820,932,3,1.0,Montreal,Villeray - Rue Sainte-Catherine,1963,PROPRIETAIRE_DIRECT,2026-07-19,,,,3,0,false,Condo moderne avec aire ouverte et grandes fenetres
P0077,VENTE,MAISON,1353000,2839,3,2.0,Longueuil,Vieux-Longueuil - Boulevard Taschereau,1986,COURTIER,2026-08-31,5396,2,true,,,,Maison de plain-pied pres des ecoles et des parcs
P0078,LOCATION,MAISON,2460,1439,5,3.0,Longueuil,Greenfield Park - Boulevard Taschereau,2007,COURTIER,2026-07-09,6317,3,true,,,,Belle residence avec foyer au bois et veranda
P0079,VENTE,MAISON,1420000,2984,4,2.5,Laval,Vimont - Rue Principale,1987,COURTIER,2026-05-13,6902,2,true,,,,Belle residence avec foyer au bois et veranda
P0080,LOCATION,CONDO,1470,592,2,1.0,Montreal,Ahuntsic - Avenue du Parc,1994,COURTIER,2026-06-17,,,,11,0,true,Logement pratique et ideal pour un premier achat
P0081,VENTE,MAISON,1298000,2641,3,2.0,Longueuil,Greenfield Park - Chemin de Chambly,2014,COURTIER,2026-07-08,5686,2,true,,,,Maison spacieuse dans un secteur tranquille
P0082,VENTE,MAISON,1140000,3065,3,2.0,Quebec,Saint-Roch - Avenue Cartier,1987,COURTIER,2026-08-27,7814,1,true,,,,Maison spacieuse dans un secteur tranquille
P0083,VENTE,MAISON,377000,1109,3,1.5,Quebec,Limoilou - Rue Sainte-Catherine,1987,COURTIER,2026-08-03,4819,2,true,,,,Maison spacieuse dans un secteur tranquille
P0084,LOCATION,CONDO,1360,776,2,1.0,Longueuil,Vieux-Longueuil - Boulevard Taschereau,1961,PROPRIETAIRE_DIRECT,2026-08-03,,,,13,0,true,Condo lumineux a distance de marche du metro
P0085,LOCATION,CONDO,780,620,3,1.0,Sherbrooke,Rock Forest - Rue Wellington,1959,PROPRIETAIRE_DIRECT,2026-05-14,,,,11,0,false,Unite bien entretenue dans un immeuble recent
P0086,VENTE,MAISON,1027000,1775,5,2.5,Montreal,Verdun - Rue Ontario,1989,COURTIER,2026-08-24,5081,1,true,,,,Propriete lumineuse avec grande salle de sejour
P0087,LOCATION,CONDO,1570,676,2,2.0,Montreal,Ville-Marie - Avenue du Parc,2010,COURTIER,2026-08-13,,,,5,0,true,Logement pratique et ideal pour un premier achat
P0088,VENTE,MAISON,1043000,2701,3,1.0,Quebec,Saint-Roch - Avenue Cartier,2001,COURTIER,2026-06-08,5594,2,true,,,,Cottage renove avec cuisine moderne et sous-sol fini
P0089,LOCATION,CONDO,2390,1186,2,2.0,Montreal,Ville-Marie - Rue Saint-Denis,1964,COURTIER,2026-05-24,,,,5,0,true,Unite bien entretenue dans un immeuble recent
P0090,VENTE,CONDO,373000,672,2,1.5,Montreal,Villeray - Rue Ontario,1979,COURTIER,2026-05-08,,,,13,366,true,Appartement au coeur du quartier avec transport a proximite
P0091,LOCATION,MAISON,3540,3040,3,2.0,Sherbrooke,Rock Forest - Boulevard Portland,1990,COURTIER,2026-07-05,5046,2,false,,,,Maison de plain-pied pres des ecoles et des parcs
P0092,VENTE,MAISON,615000,1378,4,2.5,Montreal,Villeray - Rue Saint-Denis,1961,PROPRIETAIRE_DIRECT,2026-08-07,3001,2,true,,,,Maison familiale avec cour arriere amenagee
P0093,VENTE,CONDO,729000,1013,3,1.5,Montreal,Ville-Marie - Rue Sainte-Catherine,2018,COURTIER,2026-06-15,,,,10,486,false,Logement pratique et ideal pour un premier achat
P0094,LOCATION,MAISON,3600,1926,5,2.0,Longueuil,Saint-Hubert - Chemin de Chambly,2001,COURTIER,2026-06-26,6032,1,false,,,,Maison familiale avec cour arriere amenagee
P0095,LOCATION,CONDO,1510,963,2,2.0,Laval,Vimont - Boulevard Saint-Martin,1960,COURTIER,2026-06-02,,,,7,0,true,Unite renovee avec balcon et rangement
P0096,VENTE,MAISON,614000,1596,3,3.0,Longueuil,Saint-Hubert - Boulevard Taschereau,1956,COURTIER,2026-08-10,5968,3,false,,,,Cottage renove avec cuisine moderne et sous-sol fini
P0097,VENTE,CONDO,616000,1049,3,1.0,Montreal,Rosemont - Rue Saint-Denis,2010,COURTIER,2026-07-15,,,,10,465,false,Logement pratique et ideal pour un premier achat
P0098,LOCATION,MAISON,2920,1464,3,2.0,Montreal,Ville-Marie - Rue Saint-Denis,1997,COURTIER,2026-07-05,6775,2,false,,,,Cottage renove avec cuisine moderne et sous-sol fini
P0099,LOCATION,CONDO,2000,1190,1,1.0,Laval,Duvernay - Avenue des Perron,1992,COURTIER,2026-05-11,,,,13,0,false,Condo lumineux a distance de marche du metro
P0100,LOCATION,CONDO,800,573,1,1.5,Quebec,Limoilou - Rue Saint-Jean,2008,PROPRIETAIRE_DIRECT,2026-08-25,,,,6,0,true,Unite bien entretenue dans un immeuble recent
P0101,VENTE,CONDO,384000,654,2,2.0,Montreal,Villeray - Avenue Mont-Royal,1991,COURTIER,2026-06-27,,,,3,240,false,Unite bien entretenue dans un immeuble recent
P0102,LOCATION,MAISON,6820,2754,5,1.0,Montreal,Le Plateau - Rue Sainte-Catherine,2002,PROPRIETAIRE_DIRECT,2026-09-01,4429,2,true,,,,Belle residence avec foyer au bois et veranda
P0103,LOCATION,CONDO,1990,934,1,1.0,Montreal,Ville-Marie - Boulevard Saint-Laurent,1968,COURTIER,2026-06-17,,,,1,0,false,Unite renovee avec balcon et rangement
P0104,VENTE,MAISON,1655000,3055,4,3.0,Laval,Duvernay - Boulevard des Laurentides,2019,PROPRIETAIRE_DIRECT,2026-08-20,5806,2,true,,,,Maison familiale avec cour arriere amenagee
P0105,VENTE,MAISON,1567000,3195,3,1.0,Montreal,Le Plateau - Avenue Mont-Royal,1986,COURTIER,2026-07-24,5962,1,false,,,,Maison familiale avec cour arriere amenagee
P0106,VENTE,MAISON,1976000,3117,3,2.0,Montreal,Ahuntsic - Rue Saint-Denis,2010,PROPRIETAIRE_DIRECT,2026-08-10,8260,1,false,,,,Maison familiale avec cour arriere amenagee
P0107,VENTE,CONDO,487000,1274,3,2.0,Laval,Duvernay - Rue Principale,1974,COURTIER,2026-07-20,,,,3,447,true,Unite bien entretenue dans un immeuble recent
P0108,VENTE,CONDO,579000,1339,2,2.0,Longueuil,Greenfield Park - Chemin de Chambly,1962,COURTIER,2026-08-20,,,,14,442,true,Unite bien entretenue dans un immeuble recent
P0109,LOCATION,CONDO,1220,962,2,1.5,Sherbrooke,Rock Forest - Rue King,2006,COURTIER,2026-05-09,,,,14,0,false,Unite renovee avec balcon et rangement
P0110,LOCATION,CONDO,1450,630,2,2.0,Montreal,Villeray - Rue Sainte-Catherine,2021,COURTIER,2026-06-23,,,,8,0,true,Condo lumineux a distance de marche du metro
P0111,LOCATION,MAISON,6870,2720,3,3.0,Montreal,Le Plateau - Avenue Mont-Royal,2007,PROPRIETAIRE_DIRECT,2026-06-20,4280,3,true,,,,Cottage renove avec cuisine moderne et sous-sol fini
P0112,LOCATION,MAISON,3260,2304,3,2.5,Longueuil,Saint-Hubert - Boulevard Taschereau,1958,PROPRIETAIRE_DIRECT,2026-08-04,7069,3,false,,,,Belle residence avec foyer au bois et veranda
P0113,LOCATION,MAISON,5160,2942,3,2.0,Montreal,Verdun - Rue Ontario,1970,COURTIER,2026-08-17,5397,1,true,,,,Maison familiale avec cour arriere amenagee
P0114,VENTE,MAISON,1211000,1897,4,3.0,Montreal,Ville-Marie - Boulevard Saint-Laurent,2010,COURTIER,2026-05-22,6030,3,true,,,,Maison familiale avec cour arriere amenagee
P0115,VENTE,CONDO,370000,659,1,1.0,Montreal,Verdun - Rue Sainte-Catherine,1968,COURTIER,2026-07-19,,,,3,219,false,Condo lumineux a distance de marche du metro
P0116,VENTE,CONDO,201000,689,2,1.0,Sherbrooke,Rock Forest - Rue Wellington,1997,PROPRIETAIRE_DIRECT,2026-07-26,,,,2,241,false,Condo lumineux a distance de marche du metro
P0117,LOCATION,CONDO,2090,926,2,2.0,Montreal,Villeray - Boulevard Saint-Laurent,1961,COURTIER,2026-06-01,,,,2,0,true,Logement pratique et ideal pour un premier achat
P0118,VENTE,CONDO,236000,554,3,1.5,Quebec,Montcalm - Rue Sainte-Catherine,2001,PROPRIETAIRE_DIRECT,2026-08-28,,,,5,196,false,Appartement au coeur du quartier avec transport a proximite
P0119,LOCATION,MAISON,2850,1692,3,2.0,Montreal,Rosemont - Rue Saint-Denis,1958,COURTIER,2026-08-19,3674,1,false,,,,Belle residence avec foyer au bois et veranda
P0120,LOCATION,MAISON,4570,3189,3,2.0,Laval,Chomedey - Rue Principale,1969,PROPRIETAIRE_DIRECT,2026-08-30,7709,1,true,,,,Propriete lumineuse avec grande salle de sejour
P0121,VENTE,MAISON,963000,1856,3,1.5,Montreal,Ahuntsic - Avenue Mont-Royal,1971,COURTIER,2026-05-22,5358,3,false,,,,Cottage renove avec cuisine moderne et sous-sol fini
P0122,LOCATION,MAISON,4890,2348,3,2.0,Laval,Vimont - Avenue des Perron,2001,COURTIER,2026-06-27,4422,2,false,,,,Maison de plain-pied pres des ecoles et des parcs
P0123,LOCATION,CONDO,2030,1108,3,1.5,Montreal,Verdun - Boulevard Saint-Laurent,1975,COURTIER,2026-06-13,,,,14,0,false,Appartement au coeur du quartier avec transport a proximite
P0124,VENTE,CONDO,571000,1157,2,1.5,Montreal,Verdun - Avenue du Parc,1961,PROPRIETAIRE_DIRECT,2026-06-20,,,,10,467,false,Condo lumineux a distance de marche du metro
P0125,VENTE,CONDO,533000,956,2,2.0,Laval,Duvernay - Boulevard Saint-Martin,2020,COURTIER,2026-07-02,,,,7,354,false,Unite bien entretenue dans un immeuble recent
P0126,LOCATION,CONDO,2470,1378,2,2.0,Montreal,Verdun - Rue Ontario,1960,COURTIER,2026-07-23,,,,14,0,false,Unite renovee avec balcon et rangement
P0127,VENTE,CONDO,489000,878,3,1.5,Montreal,Rosemont - Rue Ontario,1998,COURTIER,2026-05-31,,,,9,302,true,Unite bien entretenue dans un immeuble recent
P0128,VENTE,MAISON,1444000,2908,4,3.0,Laval,Duvernay - Boulevard Saint-Martin,2023,COURTIER,2026-06-01,7596,3,false,,,,Maison familiale avec cour arriere amenagee
P0129,VENTE,MAISON,911000,1623,3,1.0,Laval,Sainte-Rose - Boulevard des Laurentides,2020,PROPRIETAIRE_DIRECT,2026-08-30,5653,3,false,,,,Cottage renove avec cuisine moderne et sous-sol fini
P0130,VENTE,CONDO,633000,1198,3,1.0,Montreal,Ville-Marie - Rue Sainte-Catherine,1961,PROPRIETAIRE_DIRECT,2026-07-29,,,,5,487,false,Condo moderne avec aire ouverte et grandes fenetres
P0131,VENTE,MAISON,1798000,3043,4,2.5,Montreal,Rosemont - Rue Sainte-Catherine,2010,COURTIER,2026-08-22,8060,2,false,,,,Cottage renove avec cuisine moderne et sous-sol fini
P0132,LOCATION,CONDO,1950,929,2,1.5,Laval,Sainte-Rose - Rue Principale,2005,COURTIER,2026-08-24,,,,3,0,false,Condo lumineux a distance de marche du metro
P0133,LOCATION,CONDO,2390,1379,2,2.0,Longueuil,Greenfield Park - Rue Saint-Charles,1975,PROPRIETAIRE_DIRECT,2026-08-04,,,,3,0,false,Condo lumineux a distance de marche du metro
P0134,VENTE,CONDO,529000,1395,2,1.5,Longueuil,Vieux-Longueuil - Chemin de Chambly,1958,COURTIER,2026-08-09,,,,7,752,false,Appartement au coeur du quartier avec transport a proximite
P0135,VENTE,MAISON,861000,1989,4,2.0,Laval,Sainte-Rose - Boulevard des Laurentides,2006,PROPRIETAIRE_DIRECT,2026-05-14,4777,1,true,,,,Maison de plain-pied pres des ecoles et des parcs
P0136,LOCATION,MAISON,5990,2782,3,3.0,Montreal,Villeray - Rue Ontario,1991,COURTIER,2026-07-17,7404,1,true,,,,Belle residence avec foyer au bois et veranda
P0137,VENTE,MAISON,1021000,2264,5,1.0,Laval,Chomedey - Rue Principale,1969,COURTIER,2026-08-18,5519,1,false,,,,Maison de plain-pied pres des ecoles et des parcs
P0138,LOCATION,MAISON,4650,3001,5,1.0,Quebec,Montcalm - Rue Sainte-Catherine,1980,PROPRIETAIRE_DIRECT,2026-05-18,4789,1,true,,,,Maison familiale avec cour arriere amenagee
P0139,LOCATION,CONDO,1170,749,2,2.0,Laval,Vimont - Boulevard des Laurentides,1991,COURTIER,2026-08-19,,,,4,0,true,Logement pratique et ideal pour un premier achat
P0140,VENTE,MAISON,530000,1259,5,1.5,Quebec,Saint-Roch - Rue Sainte-Catherine,1992,COURTIER,2026-05-17,4115,1,true,,,,Maison spacieuse dans un secteur tranquille
P0141,VENTE,MAISON,800000,1982,4,3.0,Quebec,Sainte-Foy - Rue Sainte-Catherine,1984,COURTIER,2026-06-21,7143,2,true,,,,Maison de plain-pied pres des ecoles et des parcs
P0142,LOCATION,MAISON,2700,1147,4,3.0,Montreal,Ahuntsic - Rue Sainte-Catherine,2020,COURTIER,2026-06-16,4143,3,false,,,,Maison de plain-pied pres des ecoles et des parcs
P0143,LOCATION,CONDO,990,665,2,1.5,Sherbrooke,Centre-ville - Boulevard Portland,1996,PROPRIETAIRE_DIRECT,2026-07-08,,,,12,0,true,Condo moderne avec aire ouverte et grandes fenetres
P0144,VENTE,CONDO,472000,860,3,1.5,Montreal,Villeray - Avenue du Parc,1982,COURTIER,2026-06-19,,,,7,397,true,Logement pratique et ideal pour un premier achat
P0145,VENTE,CONDO,499000,1106,1,1.5,Longueuil,Saint-Hubert - Chemin de Chambly,2014,COURTIER,2026-08-29,,,,7,386,false,Condo moderne avec aire ouverte et grandes fenetres
P0146,VENTE,MAISON,652000,1407,5,2.5,Longueuil,Vieux-Longueuil - Boulevard Taschereau,1989,PROPRIETAIRE_DIRECT,2026-05-08,3094,2,false,,,,Maison de plain-pied pres des ecoles et des parcs
P0147,LOCATION,MAISON,4790,2579,4,2.5,Laval,Sainte-Rose - Boulevard des Laurentides,1979,PROPRIETAIRE_DIRECT,2026-08-18,5644,2,true,,,,Maison de plain-pied pres des ecoles et des parcs
P0148,LOCATION,MAISON,3370,2736,4,1.0,Sherbrooke,Centre-ville - Rue King,2004,COURTIER,2026-08-14,6480,2,true,,,,Maison de plain-pied pres des ecoles et des parcs
P0149,VENTE,MAISON,1081000,2604,4,3.0,Longueuil,Greenfield Park - Rue Saint-Charles,1975,PROPRIETAIRE_DIRECT,2026-07-07,6221,3,false,,,,Propriete lumineuse avec grande salle de sejour
P0150,VENTE,CONDO,655000,1271,1,2.0,Laval,Vimont - Avenue des Perron,2006,COURTIER,2026-06-24,,,,7,385,false,Condo moderne avec aire ouverte et grandes fenetres
P0151,LOCATION,CONDO,2310,1345,3,2.0,Montreal,Villeray - Boulevard Saint-Laurent,1979,COURTIER,2026-06-24,,,,2,0,false,Unite renovee avec balcon et rangement
P0152,VENTE,MAISON,1281000,2965,3,2.5,Quebec,Limoilou - Boulevard Charest,2021,COURTIER,2026-06-27,7826,1,true,,,,Maison familiale avec cour arriere amenagee
P0153,VENTE,CONDO,660000,1111,1,1.0,Montreal,Rosemont - Rue Sainte-Catherine,1972,COURTIER,2026-07-05,,,,8,560,false,Condo lumineux a distance de marche du metro
P0154,VENTE,CONDO,358000,841,3,1.0,Laval,Duvernay - Rue Principale,1993,PROPRIETAIRE_DIRECT,2026-05-04,,,,12,407,true,Unite renovee avec balcon et rangement
P0155,VENTE,MAISON,1222000,2387,3,2.0,Montreal,Le Plateau - Rue Sainte-Catherine,1990,COURTIER,2026-05-14,5930,3,false,,,,Cottage renove avec cuisine moderne et sous-sol fini
P0156,LOCATION,MAISON,7730,3078,3,2.0,Montreal,Ville-Marie - Rue Saint-Denis,1994,COURTIER,2026-08-07,6094,1,false,,,,Maison de plain-pied pres des ecoles et des parcs
P0157,LOCATION,MAISON,3520,2131,3,2.0,Laval,Duvernay - Avenue des Perron,1989,COURTIER,2026-08-27,4897,1,true,,,,Cottage renove avec cuisine moderne et sous-sol fini
P0158,VENTE,CONDO,411000,1382,2,1.0,Sherbrooke,Fleurimont - Rue Wellington,1966,PROPRIETAIRE_DIRECT,2026-06-04,,,,14,675,false,Appartement au coeur du quartier avec transport a proximite
P0159,LOCATION,CONDO,1780,884,2,2.0,Montreal,Rosemont - Avenue Mont-Royal,2003,PROPRIETAIRE_DIRECT,2026-08-15,,,,13,0,false,Condo lumineux a distance de marche du metro
P0160,LOCATION,MAISON,4750,2688,3,2.5,Longueuil,Saint-Hubert - Boulevard Taschereau,1965,COURTIER,2026-06-14,6695,1,true,,,,Belle residence avec foyer au bois et veranda
P0161,LOCATION,MAISON,3070,1698,5,2.5,Laval,Vimont - Boulevard des Laurentides,2001,COURTIER,2026-06-19,3580,3,true,,,,Maison de plain-pied pres des ecoles et des parcs
P0162,LOCATION,CONDO,1200,549,2,2.0,Montreal,Rosemont - Boulevard Saint-Laurent,2012,PROPRIETAIRE_DIRECT,2026-07-17,,,,3,0,true,Logement pratique et ideal pour un premier achat
P0163,VENTE,CONDO,207000,529,2,1.0,Quebec,Sainte-Foy - Rue Sainte-Catherine,1984,COURTIER,2026-07-20,,,,3,188,false,Unite bien entretenue dans un immeuble recent
P0164,VENTE,CONDO,729000,1190,3,1.0,Montreal,Ville-Marie - Boulevard Saint-Laurent,1955,COURTIER,2026-08-16,,,,14,455,true,Unite renovee avec balcon et rangement
P0165,VENTE,MAISON,518000,1426,5,3.0,Quebec,Sainte-Foy - Rue Saint-Jean,1999,COURTIER,2026-05-05,5369,3,true,,,,Cottage renove avec cuisine moderne et sous-sol fini
P0166,VENTE,CONDO,269000,573,2,2.0,Laval,Chomedey - Boulevard des Laurentides,2007,COURTIER,2026-06-10,,,,9,173,false,Condo moderne avec aire ouverte et grandes fenetres
P0167,VENTE,MAISON,732000,1991,4,2.5,Laval,Chomedey - Rue Principale,1969,PROPRIETAIRE_DIRECT,2026-07-20,4826,1,false,,,,Propriete lumineuse avec grande salle de sejour
P0168,VENTE,CONDO,386000,488,1,2.0,Montreal,Verdun - Rue Saint-Denis,2019,COURTIER,2026-07-06,,,,14,180,true,Appartement au coeur du quartier avec transport a proximite
P0169,VENTE,CONDO,653000,1272,1,1.5,Laval,Vimont - Boulevard Saint-Martin,2025,COURTIER,2026-08-27,,,,2,469,true,Condo moderne avec aire ouverte et grandes fenetres
P0170,VENTE,CONDO,439000,633,1,2.0,Montreal,Verdun - Boulevard Saint-Laurent,1996,COURTIER,2026-07-20,,,,11,343,true,Appartement au coeur du quartier avec transport a proximite
P0171,VENTE,MAISON,917000,3182,4,3.0,Sherbrooke,Centre-ville - Boulevard Portland,1966,COURTIER,2026-05-26,7089,3,true,,,,Cottage renove avec cuisine moderne et sous-sol fini
P0172,VENTE,MAISON,524000,2016,3,2.5,Sherbrooke,Rock Forest - Rue King,1967,COURTIER,2026-08-29,5065,2,false,,,,Maison spacieuse dans un secteur tranquille
P0173,VENTE,MAISON,1814000,3194,3,2.5,Montreal,Villeray - Rue Sainte-Catherine,2012,COURTIER,2026-06-19,7592,2,true,,,,Propriete lumineuse avec grande salle de sejour
P0174,VENTE,MAISON,1529000,2385,5,2.5,Montreal,Le Plateau - Rue Saint-Denis,2004,COURTIER,2026-07-15,4898,2,false,,,,Maison spacieuse dans un secteur tranquille
P0175,VENTE,CONDO,569000,984,3,1.0,Montreal,Verdun - Avenue du Parc,1991,PROPRIETAIRE_DIRECT,2026-08-08,,,,7,530,false,Unite renovee avec balcon et rangement
P0176,LOCATION,MAISON,3830,2152,4,1.0,Longueuil,Vieux-Longueuil - Boulevard Taschereau,1994,PROPRIETAIRE_DIRECT,2026-08-21,4516,1,false,,,,Cottage renove avec cuisine moderne et sous-sol fini
P0177,VENTE,CONDO,487000,1163,2,1.0,Laval,Sainte-Rose - Boulevard des Laurentides,1955,COURTIER,2026-08-09,,,,1,485,false,Condo moderne avec aire ouverte et grandes fenetres
P0178,VENTE,CONDO,560000,945,2,2.0,Montreal,Le Plateau - Rue Saint-Denis,1965,PROPRIETAIRE_DIRECT,2026-07-19,,,,11,321,false,Condo moderne avec aire ouverte et grandes fenetres
P0179,LOCATION,CONDO,1120,594,3,1.5,Longueuil,Greenfield Park - Chemin de Chambly,1996,PROPRIETAIRE_DIRECT,2026-08-16,,,,2,0,true,Condo lumineux a distance de marche du metro
P0180,VENTE,CONDO,510000,933,3,1.0,Montreal,Verdun - Boulevard Saint-Laurent,1978,PROPRIETAIRE_DIRECT,2026-06-09,,,,8,297,false,Unite bien entretenue dans un immeuble recent
P0181,VENTE,CONDO,427000,758,1,1.5,Laval,Chomedey - Boulevard des Laurentides,2009,COURTIER,2026-08-29,,,,5,343,true,Condo moderne avec aire ouverte et grandes fenetres
P0182,LOCATION,MAISON,2250,1284,4,2.5,Montreal,Ahuntsic - Avenue du Parc,1956,COURTIER,2026-05-25,6601,3,true,,,,Belle residence avec foyer au bois et veranda
P0183,VENTE,CONDO,379000,847,1,1.5,Laval,Duvernay - Avenue des Perron,1999,COURTIER,2026-05-25,,,,6,289,false,Unite renovee avec balcon et rangement
P0184,VENTE,MAISON,1249000,2386,3,2.0,Montreal,Le Plateau - Avenue du Parc,2009,COURTIER,2026-06-17,7128,2,false,,,,Maison spacieuse dans un secteur tranquille
P0185,VENTE,CONDO,259000,738,3,1.0,Quebec,Limoilou - Boulevard Charest,1960,COURTIER,2026-06-09,,,,10,255,false,Appartement au coeur du quartier avec transport a proximite
P0186,VENTE,MAISON,1445000,3127,4,2.0,Quebec,Limoilou - Avenue Cartier,2019,COURTIER,2026-06-20,5171,1,false,,,,Cottage renove avec cuisine moderne et sous-sol fini
P0187,LOCATION,CONDO,810,566,3,2.0,Sherbrooke,Centre-ville - Rue Wellington,1996,COURTIER,2026-07-29,,,,13,0,false,Condo lumineux a distance de marche du metro
P0188,LOCATION,MAISON,5560,2487,4,3.0,Montreal,Villeray - Boulevard Saint-Laurent,1979,PROPRIETAIRE_DIRECT,2026-08-20,7724,1,false,,,,Maison familiale avec cour arriere amenagee
P0189,LOCATION,MAISON,3610,2265,4,3.0,Laval,Sainte-Rose - Boulevard Saint-Martin,1978,COURTIER,2026-08-07,7318,3,false,,,,Cottage renove avec cuisine moderne et sous-sol fini
P0190,LOCATION,CONDO,1500,942,2,2.0,Quebec,Saint-Roch - Rue Sainte-Catherine,2002,COURTIER,2026-08-28,,,,3,0,true,Condo lumineux a distance de marche du metro
P0191,LOCATION,CONDO,2090,920,2,1.5,Montreal,Verdun - Rue Sainte-Catherine,1962,COURTIER,2026-06-30,,,,8,0,false,Unite renovee avec balcon et rangement
P0192,VENTE,CONDO,993000,1332,2,1.0,Montreal,Ville-Marie - Rue Saint-Denis,2017,PROPRIETAIRE_DIRECT,2026-07-19,,,,7,438,true,Condo lumineux a distance de marche du metro
P0193,LOCATION,CONDO,1590,934,3,1.0,Montreal,Ville-Marie - Rue Sainte-Catherine,1979,COURTIER,2026-08-21,,,,1,0,false,Logement pratique et ideal pour un premier achat
P0194,VENTE,MAISON,1244000,2435,4,3.0,Montreal,Ville-Marie - Avenue Mont-Royal,1956,COURTIER,2026-05-18,5289,1,false,,,,Cottage renove avec cuisine moderne et sous-sol fini
P0195,VENTE,CONDO,368000,852,3,2.0,Longueuil,Saint-Hubert - Chemin de Chambly,2007,COURTIER,2026-05-10,,,,10,275,true,Appartement au coeur du quartier avec transport a proximite
P0196,LOCATION,CONDO,1130,525,2,1.0,Montreal,Villeray - Rue Ontario,1977,PROPRIETAIRE_DIRECT,2026-07-20,,,,11,0,true,Unite renovee avec balcon et rangement
P0197,LOCATION,MAISON,3170,1934,5,1.5,Laval,Sainte-Rose - Boulevard Saint-Martin,1979,COURTIER,2026-08-19,6493,3,true,,,,Maison de plain-pied pres des ecoles et des parcs
P0198,LOCATION,MAISON,2590,2111,3,1.5,Sherbrooke,Fleurimont - Rue Wellington,1990,COURTIER,2026-07-03,7473,3,true,,,,Maison familiale avec cour arriere amenagee
P0199,VENTE,CONDO,226000,604,2,1.0,Quebec,Sainte-Foy - Avenue Cartier,2005,COURTIER,2026-05-15,,,,11,197,true,Condo lumineux a distance de marche du metro
P0200,VENTE,MAISON,755000,2439,4,1.0,Quebec,Montcalm - Boulevard Charest,1972,COURTIER,2026-07-22,7456,1,true,,,,Propriete lumineuse avec grande salle de sejour
P0201,LOCATION,CONDO,1760,1392,3,1.5,Quebec,Sainte-Foy - Rue Sainte-Catherine,1969,COURTIER,2026-07-19,,,,1,0,true,Condo moderne avec aire ouverte et grandes fenetres
P0202,VENTE,MAISON,1216000,2002,5,2.0,Montreal,Villeray - Rue Sainte-Catherine,1993,COURTIER,2026-08-24,3602,1,false,,,,Propriete lumineuse avec grande salle de sejour
P0203,LOCATION,MAISON,2170,1239,4,1.0,Laval,Sainte-Rose - Boulevard Saint-Martin,1971,COURTIER,2026-07-27,4124,1,true,,,,Cottage renove avec cuisine moderne et sous-sol fini
P0204,LOCATION,CONDO,1040,627,1,1.0,Laval,Duvernay - Avenue des Perron,1995,COURTIER,2026-07-26,,,,5,0,true,Unite renovee avec balcon et rangement
P0205,VENTE,MAISON,859000,2325,5,2.5,Quebec,Sainte-Foy - Rue Saint-Jean,1971,COURTIER,2026-08-30,5373,1,true,,,,Maison de plain-pied pres des ecoles et des parcs
P0206,VENTE,CONDO,528000,811,2,1.0,Montreal,Villeray - Rue Sainte-Catherine,2011,COURTIER,2026-08-31,,,,2,313,true,Logement pratique et ideal pour un premier achat
P0207,LOCATION,CONDO,1050,578,3,1.0,Laval,Duvernay - Rue Principale,1956,COURTIER,2026-08-17,,,,6,0,false,Logement pratique et ideal pour un premier achat
P0208,VENTE,CONDO,490000,1062,2,1.0,Laval,Chomedey - Boulevard Saint-Martin,1973,COURTIER,2026-08-21,,,,12,360,false,Logement pratique et ideal pour un premier achat
P0209,VENTE,MAISON,1447000,2835,5,2.0,Longueuil,Vieux-Longueuil - Chemin de Chambly,2021,PROPRIETAIRE_DIRECT,2026-07-13,5210,1,false,,,,Maison familiale avec cour arriere amenagee
P0210,VENTE,CONDO,685000,1393,3,2.0,Longueuil,Greenfield Park - Rue Saint-Charles,2000,COURTIER,2026-07-17,,,,7,521,true,Appartement au coeur du quartier avec transport a proximite
P0211,LOCATION,MAISON,5190,2408,4,2.0,Montreal,Le Plateau - Rue Ontario,1971,COURTIER,2026-06-06,4922,1,true,,,,Maison spacieuse dans un secteur tranquille
P0212,VENTE,MAISON,1448000,2931,4,1.0,Montreal,Ville-Marie - Rue Ontario,1974,COURTIER,2026-07-07,5905,1,false,,,,Maison familiale avec cour arriere amenagee
P0213,VENTE,CONDO,339000,758,1,1.0,Longueuil,Greenfield Park - Rue Saint-Charles,2006,COURTIER,2026-07-29,,,,3,256,true,Condo lumineux a distance de marche du metro
P0214,LOCATION,MAISON,3140,2069,4,1.5,Laval,Vimont - Boulevard des Laurentides,1962,PROPRIETAIRE_DIRECT,2026-07-16,5256,3,false,,,,Belle residence avec foyer au bois et veranda
P0215,VENTE,CONDO,260000,693,1,1.5,Longueuil,Greenfield Park - Rue Saint-Charles,1969,COURTIER,2026-05-23,,,,14,267,false,Condo moderne avec aire ouverte et grandes fenetres
P0216,LOCATION,MAISON,2540,1323,3,1.5,Longueuil,Greenfield Park - Boulevard Taschereau,2011,COURTIER,2026-07-09,4284,1,false,,,,Propriete lumineuse avec grande salle de sejour
P0217,VENTE,MAISON,1344000,2454,5,1.5,Montreal,Verdun - Avenue du Parc,2009,PROPRIETAIRE_DIRECT,2026-08-15,5554,1,true,,,,Maison de plain-pied pres des ecoles et des parcs
P0218,VENTE,MAISON,654000,1752,3,2.5,Quebec,Montcalm - Rue Sainte-Catherine,1959,COURTIER,2026-05-31,5450,2,false,,,,Propriete lumineuse avec grande salle de sejour
P0219,VENTE,MAISON,823000,1584,5,3.0,Montreal,Rosemont - Avenue du Parc,1987,COURTIER,2026-06-26,5846,1,false,,,,Belle residence avec foyer au bois et veranda
P0220,VENTE,CONDO,374000,1112,2,1.0,Sherbrooke,Fleurimont - Rue King,2020,COURTIER,2026-07-15,,,,6,362,true,Unite bien entretenue dans un immeuble recent
P0221,VENTE,CONDO,449000,945,3,1.5,Laval,Sainte-Rose - Boulevard des Laurentides,1972,PROPRIETAIRE_DIRECT,2026-08-14,,,,5,493,false,Condo lumineux a distance de marche du metro
P0222,LOCATION,MAISON,6340,2664,4,2.0,Montreal,Ville-Marie - Rue Sainte-Catherine,1995,COURTIER,2026-07-10,6419,3,false,,,,Maison de plain-pied pres des ecoles et des parcs
P0223,VENTE,CONDO,200000,615,2,2.0,Quebec,Limoilou - Avenue Cartier,1973,COURTIER,2026-06-07,,,,12,243,false,Condo moderne avec aire ouverte et grandes fenetres
P0224,LOCATION,CONDO,2230,1264,1,1.0,Longueuil,Saint-Hubert - Boulevard Taschereau,2013,PROPRIETAIRE_DIRECT,2026-05-31,,,,13,0,false,Condo moderne avec aire ouverte et grandes fenetres
P0225,VENTE,CONDO,954000,1362,1,1.0,Montreal,Verdun - Rue Saint-Denis,2024,COURTIER,2026-08-17,,,,10,555,false,Appartement au coeur du quartier avec transport a proximite
P0226,VENTE,CONDO,661000,1044,1,1.0,Montreal,Villeray - Avenue du Parc,2019,COURTIER,2026-07-09,,,,2,516,true,Condo moderne avec aire ouverte et grandes fenetres
P0227,VENTE,MAISON,638000,1211,3,2.5,Montreal,Rosemont - Avenue Mont-Royal,1989,PROPRIETAIRE_DIRECT,2026-08-17,3708,1,true,,,,Maison spacieuse dans un secteur tranquille
P0228,VENTE,MAISON,524000,1299,4,2.5,Quebec,Sainte-Foy - Boulevard Charest,1994,COURTIER,2026-07-26,6794,3,false,,,,Maison familiale avec cour arriere amenagee
P0229,LOCATION,CONDO,1200,590,2,1.5,Montreal,Villeray - Avenue Mont-Royal,1983,COURTIER,2026-06-05,,,,4,0,true,Appartement au coeur du quartier avec transport a proximite
P0230,VENTE,MAISON,740000,1447,3,2.5,Montreal,Le Plateau - Avenue du Parc,1978,COURTIER,2026-07-27,5123,3,true,,,,Maison de plain-pied pres des ecoles et des parcs
P0231,LOCATION,MAISON,4820,2823,5,2.5,Quebec,Saint-Roch - Rue Sainte-Catherine,1989,COURTIER,2026-06-13,5613,1,false,,,,Cottage renove avec cuisine moderne et sous-sol fini
P0232,LOCATION,CONDO,1550,994,3,1.5,Laval,Duvernay - Boulevard des Laurentides,1988,COURTIER,2026-05-21,,,,7,0,false,Logement pratique et ideal pour un premier achat
P0233,LOCATION,CONDO,1380,1100,3,1.0,Sherbrooke,Rock Forest - Boulevard Portland,2002,COURTIER,2026-07-04,,,,10,0,false,Condo lumineux a distance de marche du metro
P0234,VENTE,MAISON,1088000,2249,4,2.0,Laval,Duvernay - Avenue des Perron,2000,PROPRIETAIRE_DIRECT,2026-06-23,7537,2,true,,,,Maison de plain-pied pres des ecoles et des parcs
P0235,LOCATION,CONDO,1200,588,2,1.0,Laval,Chomedey - Boulevard Saint-Martin,2021,PROPRIETAIRE_DIRECT,2026-07-22,,,,7,0,true,Unite bien entretenue dans un immeuble recent
P0236,LOCATION,MAISON,2910,1183,4,1.0,Montreal,Le Plateau - Avenue du Parc,2004,PROPRIETAIRE_DIRECT,2026-05-04,4366,1,true,,,,Maison spacieuse dans un secteur tranquille
P0237,VENTE,CONDO,458000,756,2,1.0,Montreal,Verdun - Rue Sainte-Catherine,2014,COURTIER,2026-05-18,,,,4,277,true,Unite bien entretenue dans un immeuble recent
P0238,LOCATION,MAISON,4420,3143,3,3.0,Longueuil,Saint-Hubert - Rue Saint-Charles,1977,PROPRIETAIRE_DIRECT,2026-08-12,8454,3,false,,,,Cottage renove avec cuisine moderne et sous-sol fini
P0239,VENTE,CONDO,224000,516,2,2.0,Quebec,Montcalm - Rue Sainte-Catherine,2015,COURTIER,2026-06-01,,,,6,190,true,Appartement au coeur du quartier avec transport a proximite
P0240,LOCATION,CONDO,1180,987,2,1.0,Sherbrooke,Centre-ville - Rue King,1955,COURTIER,2026-05-04,,,,4,0,true,Condo lumineux a distance de marche du metro
P0241,LOCATION,MAISON,4560,2557,4,2.0,Laval,Sainte-Rose - Boulevard des Laurentides,1961,COURTIER,2026-07-01,4869,1,false,,,,Maison spacieuse dans un secteur tranquille
P0242,VENTE,CONDO,315000,740,2,1.0,Laval,Vimont - Avenue des Perron,1981,COURTIER,2026-08-30,,,,11,352,false,Condo moderne avec aire ouverte et grandes fenetres
P0243,LOCATION,CONDO,1110,694,1,1.0,Longueuil,Saint-Hubert - Boulevard Taschereau,2008,PROPRIETAIRE_DIRECT,2026-08-14,,,,3,0,false,Unite bien entretenue dans un immeuble recent
P0244,VENTE,MAISON,1503000,2230,4,2.5,Montreal,Ville-Marie - Avenue Mont-Royal,2015,COURTIER,2026-08-19,5264,2,true,,,,Cottage renove avec cuisine moderne et sous-sol fini
P0245,LOCATION,CONDO,1040,575,2,1.0,Laval,Vimont - Avenue des Perron,1977,COURTIER,2026-05-10,,,,12,0,false,Logement pratique et ideal pour un premier achat
P0246,LOCATION,CONDO,2220,1235,2,1.0,Montreal,Villeray - Avenue du Parc,1974,COURTIER,2026-05-06,,,,6,0,true,Condo moderne avec aire ouverte et grandes fenetres
P0247,VENTE,MAISON,1276000,2426,3,1.0,Montreal,Le Plateau - Rue Sainte-Catherine,1974,PROPRIETAIRE_DIRECT,2026-08-10,5160,1,true,,,,Belle residence avec foyer au bois et veranda
P0248,LOCATION,MAISON,3840,2241,4,2.5,Laval,Chomedey - Rue Principale,1992,COURTIER,2026-05-18,6771,1,true,,,,Belle residence avec foyer au bois et veranda
P0249,LOCATION,MAISON,2220,1302,3,1.5,Laval,Chomedey - Rue Principale,2002,PROPRIETAIRE_DIRECT,2026-08-14,5208,3,true,,,,Maison de plain-pied pres des ecoles et des parcs
P0250,VENTE,CONDO,594000,1261,2,1.0,Laval,Chomedey - Avenue des Perron,2010,COURTIER,2026-08-27,,,,6,482,false,Unite bien entretenue dans un immeuble recent
P0251,VENTE,MAISON,1014000,2127,3,1.5,Laval,Sainte-Rose - Avenue des Perron,2000,COURTIER,2026-08-02,4906,2,true,,,,Propriete lumineuse avec grande salle de sejour
P0252,VENTE,CONDO,392000,862,2,2.0,Longueuil,Saint-Hubert - Boulevard Taschereau,2009,COURTIER,2026-08-26,,,,7,450,true,Logement pratique et ideal pour un premier achat
P0253,VENTE,CONDO,652000,1398,1,1.5,Laval,Duvernay - Avenue des Perron,1989,COURTIER,2026-05-06,,,,9,449,false,Condo moderne avec aire ouverte et grandes fenetres
P0254,LOCATION,MAISON,5100,2905,4,3.0,Montreal,Rosemont - Rue Sainte-Catherine,1967,COURTIER,2026-05-05,4530,1,true,,,,Propriete lumineuse avec grande salle de sejour
P0255,VENTE,MAISON,1043000,2541,4,3.0,Quebec,Sainte-Foy - Boulevard Charest,1988,COURTIER,2026-05-28,5822,2,false,,,,Maison familiale avec cour arriere amenagee
P0256,LOCATION,MAISON,3000,2137,3,1.5,Sherbrooke,Rock Forest - Rue Wellington,2005,COURTIER,2026-06-28,6221,1,false,,,,Maison de plain-pied pres des ecoles et des parcs
P0257,LOCATION,MAISON,3640,1728,3,1.0,Montreal,Le Plateau - Avenue du Parc,2003,COURTIER,2026-05-29,3864,2,true,,,,Cottage renove avec cuisine moderne et sous-sol fini
P0258,LOCATION,CONDO,1910,723,2,2.0,Montreal,Ville-Marie - Avenue Mont-Royal,2021,PROPRIETAIRE_DIRECT,2026-08-01,,,,7,0,false,Logement pratique et ideal pour un premier achat
P0259,VENTE,MAISON,486000,1337,4,2.5,Sherbrooke,Centre-ville - Rue King,2024,PROPRIETAIRE_DIRECT,2026-06-01,2931,2,false,,,,Cottage renove avec cuisine moderne et sous-sol fini
P0260,LOCATION,CONDO,750,606,3,1.5,Sherbrooke,Fleurimont - Rue Wellington,1988,PROPRIETAIRE_DIRECT,2026-08-16,,,,7,0,false,Condo moderne avec aire ouverte et grandes fenetres
P0261,LOCATION,MAISON,3370,2174,5,3.0,Longueuil,Greenfield Park - Rue Saint-Charles,1990,COURTIER,2026-08-11,5103,1,false,,,,Cottage renove avec cuisine moderne et sous-sol fini
P0262,VENTE,MAISON,1149000,2143,4,1.5,Montreal,Ahuntsic - Avenue du Parc,2009,COURTIER,2026-08-10,3755,1,true,,,,Belle residence avec foyer au bois et veranda
P0263,VENTE,CONDO,832000,1334,3,1.0,Montreal,Verdun - Avenue Mont-Royal,1970,COURTIER,2026-07-18,,,,8,441,true,Condo lumineux a distance de marche du metro
P0264,LOCATION,MAISON,5290,3101,3,1.5,Longueuil,Saint-Hubert - Chemin de Chambly,1976,PROPRIETAIRE_DIRECT,2026-06-04,7657,3,false,,,,Maison familiale avec cour arriere amenagee
P0265,VENTE,MAISON,1199000,2792,3,2.0,Laval,Duvernay - Avenue des Perron,1980,COURTIER,2026-08-09,8067,2,true,,,,Maison spacieuse dans un secteur tranquille
P0266,VENTE,CONDO,418000,962,3,1.0,Quebec,Montcalm - Avenue Cartier,1993,COURTIER,2026-08-15,,,,3,516,true,Unite renovee avec balcon et rangement
P0267,LOCATION,MAISON,6370,2498,5,3.0,Montreal,Rosemont - Rue Sainte-Catherine,2020,COURTIER,2026-05-14,4550,3,true,,,,Maison spacieuse dans un secteur tranquille
P0268,VENTE,MAISON,1165000,2081,4,2.0,Montreal,Verdun - Avenue Mont-Royal,1987,COURTIER,2026-07-25,7515,3,true,,,,Maison de plain-pied pres des ecoles et des parcs
P0269,LOCATION,CONDO,1320,551,2,2.0,Montreal,Villeray - Avenue Mont-Royal,1983,COURTIER,2026-06-10,,,,5,0,true,Unite renovee avec balcon et rangement
P0270,LOCATION,CONDO,2750,1217,1,1.0,Montreal,Ville-Marie - Avenue Mont-Royal,1965,COURTIER,2026-07-13,,,,8,0,true,Logement pratique et ideal pour un premier achat
P0271,LOCATION,MAISON,4080,1694,4,2.5,Montreal,Ahuntsic - Rue Saint-Denis,1993,COURTIER,2026-05-08,4612,2,false,,,,Maison de plain-pied pres des ecoles et des parcs
P0272,LOCATION,CONDO,2740,1346,2,2.0,Montreal,Ahuntsic - Rue Saint-Denis,1981,PROPRIETAIRE_DIRECT,2026-05-20,,,,3,0,true,Condo lumineux a distance de marche du metro
P0273,VENTE,CONDO,678000,1349,2,1.0,Quebec,Limoilou - Avenue Cartier,2024,PROPRIETAIRE_DIRECT,2026-07-22,,,,3,577,false,Logement pratique et ideal pour un premier achat
P0274,LOCATION,MAISON,5340,2370,3,3.0,Longueuil,Greenfield Park - Chemin de Chambly,2025,COURTIER,2026-06-25,6157,1,false,,,,Cottage renove avec cuisine moderne et sous-sol fini
P0275,LOCATION,CONDO,2270,1358,2,1.0,Laval,Sainte-Rose - Boulevard Saint-Martin,1956,COURTIER,2026-05-31,,,,10,0,false,Unite bien entretenue dans un immeuble recent
P0276,VENTE,MAISON,1248000,2621,3,2.0,Laval,Sainte-Rose - Rue Principale,2022,COURTIER,2026-05-19,5609,3,false,,,,Maison spacieuse dans un secteur tranquille
P0277,LOCATION,CONDO,1320,546,1,1.0,Montreal,Verdun - Rue Sainte-Catherine,2014,PROPRIETAIRE_DIRECT,2026-06-09,,,,5,0,false,Unite bien entretenue dans un immeuble recent
P0278,VENTE,MAISON,862000,2375,3,2.5,Laval,Duvernay - Rue Principale,1960,COURTIER,2026-06-26,3998,2,false,,,,Maison de plain-pied pres des ecoles et des parcs
P0279,VENTE,MAISON,1390000,2170,4,1.5,Montreal,Rosemont - Rue Ontario,2024,COURTIER,2026-08-31,4462,2,true,,,,Maison familiale avec cour arriere amenagee
P0280,VENTE,MAISON,870000,1700,4,3.0,Laval,Chomedey - Boulevard des Laurentides,2008,COURTIER,2026-08-03,3976,1,false,,,,Maison familiale avec cour arriere amenagee
P0281,LOCATION,CONDO,1400,678,3,1.5,Laval,Duvernay - Boulevard des Laurentides,1983,COURTIER,2026-05-17,,,,6,0,true,Unite bien entretenue dans un immeuble recent
P0282,VENTE,MAISON,1937000,3178,3,2.0,Montreal,Verdun - Rue Ontario,1989,PROPRIETAIRE_DIRECT,2026-06-13,8496,1,false,,,,Maison de plain-pied pres des ecoles et des parcs
P0283,VENTE,CONDO,502000,932,2,1.5,Montreal,Rosemont - Rue Saint-Denis,1978,COURTIER,2026-08-28,,,,14,510,false,Condo moderne avec aire ouverte et grandes fenetres
P0284,VENTE,MAISON,1187000,2279,3,2.5,Montreal,Ville-Marie - Rue Ontario,1992,COURTIER,2026-08-21,4066,2,true,,,,Maison de plain-pied pres des ecoles et des parcs
P0285,VENTE,MAISON,511000,1405,4,1.0,Sherbrooke,Rock Forest - Boulevard Portland,2018,COURTIER,2026-07-11,3055,1,false,,,,Belle residence avec foyer au bois et veranda
P0286,VENTE,MAISON,1243000,2764,5,2.0,Montreal,Ville-Marie - Avenue Mont-Royal,1973,COURTIER,2026-06-24,6456,1,false,,,,Belle residence avec foyer au bois et veranda
P0287,LOCATION,CONDO,2340,1037,2,2.0,Montreal,Ahuntsic - Rue Ontario,1973,COURTIER,2026-06-13,,,,5,0,false,Unite bien entretenue dans un immeuble recent
P0288,LOCATION,CONDO,1610,820,2,1.0,Longueuil,Saint-Hubert - Boulevard Taschereau,2010,COURTIER,2026-07-30,,,,8,0,false,Appartement au coeur du quartier avec transport a proximite
P0289,LOCATION,CONDO,3440,1365,2,2.0,Montreal,Villeray - Avenue du Parc,1987,COURTIER,2026-05-13,,,,10,0,false,Condo lumineux a distance de marche du metro
P0290,VENTE,CONDO,450000,1019,2,1.0,Longueuil,Greenfield Park - Chemin de Chambly,2013,COURTIER,2026-05-17,,,,2,475,true,Appartement au coeur du quartier avec transport a proximite
P0291,VENTE,CONDO,408000,704,3,1.0,Montreal,Ville-Marie - Avenue Mont-Royal,1976,PROPRIETAIRE_DIRECT,2026-05-19,,,,4,266,true,Appartement au coeur du quartier avec transport a proximite
P0292,VENTE,CONDO,375000,660,2,1.0,Montreal,Verdun - Avenue Mont-Royal,1960,PROPRIETAIRE_DIRECT,2026-06-30,,,,8,261,false,Unite bien entretenue dans un immeuble recent
P0293,VENTE,MAISON,708000,1803,3,2.0,Quebec,Limoilou - Rue Sainte-Catherine,2013,COURTIER,2026-07-05,5944,2,true,,,,Maison spacieuse dans un secteur tranquille
P0294,VENTE,MAISON,794000,1733,5,3.0,Montreal,Villeray - Rue Saint-Denis,1962,PROPRIETAIRE_DIRECT,2026-05-29,3661,2,false,,,,Maison de plain-pied pres des ecoles et des parcs
P0295,VENTE,MAISON,1273000,2449,3,1.0,Montreal,Ville-Marie - Rue Ontario,2004,COURTIER,2026-07-19,6970,3,true,,,,Maison spacieuse dans un secteur tranquille
P0296,VENTE,MAISON,725000,1835,4,3.0,Longueuil,Greenfield Park - Chemin de Chambly,1963,COURTIER,2026-08-21,4213,1,false,,,,Maison familiale avec cour arriere amenagee
P0297,VENTE,MAISON,971000,2728,3,1.0,Quebec,Montcalm - Rue Saint-Jean,2002,PROPRIETAIRE_DIRECT,2026-07-14,5244,2,false,,,,Cottage renove avec cuisine moderne et sous-sol fini
P0298,LOCATION,CONDO,1160,526,2,1.0,Montreal,Ville-Marie - Avenue du Parc,1975,PROPRIETAIRE_DIRECT,2026-08-01,,,,9,0,false,Condo lumineux a distance de marche du metro
P0299,VENTE,MAISON,1106000,3045,3,3.0,Quebec,Sainte-Foy - Boulevard Charest,2011,COURTIER,2026-06-22,6554,1,true,,,,Maison spacieuse dans un secteur tranquille
P0300,VENTE,MAISON,617000,1412,3,2.0,Montreal,Rosemont - Boulevard Saint-Laurent,1957,COURTIER,2026-05-10,5028,3,false,,,,Propriete lumineuse avec grande salle de sejour
P0301,LOCATION,CONDO,2320,929,1,1.5,Montreal,Rosemont - Rue Sainte-Catherine,2016,COURTIER,2026-05-31,,,,4,0,false,Condo lumineux a distance de marche du metro
P0302,LOCATION,CONDO,2060,1221,2,2.0,Laval,Vimont - Boulevard Saint-Martin,1971,COURTIER,2026-08-18,,,,1,0,false,Appartement au coeur du quartier avec transport a proximite
P0303,VENTE,MAISON,683000,2291,3,2.5,Sherbrooke,Rock Forest - Rue Wellington,1974,COURTIER,2026-07-12,3924,3,false,,,,Propriete lumineuse avec grande salle de sejour
P0304,VENTE,CONDO,361000,654,1,2.0,Laval,Sainte-Rose - Rue Principale,2017,COURTIER,2026-06-04,,,,11,352,true,Unite bien entretenue dans un immeuble recent
P0305,VENTE,CONDO,659000,965,2,2.0,Montreal,Villeray - Avenue du Parc,2010,COURTIER,2026-06-27,,,,3,405,true,Appartement au coeur du quartier avec transport a proximite
P0306,LOCATION,CONDO,2280,1308,3,1.5,Montreal,Ville-Marie - Avenue Mont-Royal,1972,COURTIER,2026-08-31,,,,11,0,true,Condo moderne avec aire ouverte et grandes fenetres
P0307,VENTE,MAISON,797000,1640,3,3.0,Montreal,Le Plateau - Avenue Mont-Royal,1985,PROPRIETAIRE_DIRECT,2026-06-13,4653,1,true,,,,Cottage renove avec cuisine moderne et sous-sol fini
P0308,LOCATION,MAISON,1770,1131,5,3.0,Laval,Sainte-Rose - Boulevard Saint-Martin,1971,PROPRIETAIRE_DIRECT,2026-08-15,6551,2,true,,,,Cottage renove avec cuisine moderne et sous-sol fini
P0309,VENTE,CONDO,473000,1234,2,1.0,Quebec,Montcalm - Avenue Cartier,1976,PROPRIETAIRE_DIRECT,2026-08-25,,,,4,524,true,Condo moderne avec aire ouverte et grandes fenetres
P0310,VENTE,MAISON,1538000,2624,3,2.0,Montreal,Le Plateau - Boulevard Saint-Laurent,2014,COURTIER,2026-07-09,7137,1,true,,,,Maison de plain-pied pres des ecoles et des parcs
P0311,LOCATION,CONDO,1930,1187,1,1.0,Quebec,Saint-Roch - Rue Saint-Jean,1984,PROPRIETAIRE_DIRECT,2026-07-18,,,,3,0,false,Condo moderne avec aire ouverte et grandes fenetres
P0312,VENTE,CONDO,552000,1099,2,1.0,Laval,Sainte-Rose - Boulevard des Laurentides,2017,COURTIER,2026-05-19,,,,8,581,false,Logement pratique et ideal pour un premier achat
P0313,VENTE,MAISON,1159000,2131,4,2.0,Montreal,Le Plateau - Rue Sainte-Catherine,1986,COURTIER,2026-06-06,5078,2,true,,,,Cottage renove avec cuisine moderne et sous-sol fini
P0314,LOCATION,MAISON,3120,2329,3,1.0,Quebec,Saint-Roch - Rue Saint-Jean,1999,COURTIER,2026-06-26,7768,1,true,,,,Cottage renove avec cuisine moderne et sous-sol fini
P0315,LOCATION,CONDO,2060,960,2,1.5,Montreal,Ahuntsic - Boulevard Saint-Laurent,1959,COURTIER,2026-08-20,,,,10,0,false,Appartement au coeur du quartier avec transport a proximite
P0316,LOCATION,MAISON,2680,1300,3,3.0,Montreal,Ahuntsic - Rue Saint-Denis,1990,COURTIER,2026-05-16,5807,3,false,,,,Cottage renove avec cuisine moderne et sous-sol fini
P0317,VENTE,MAISON,449000,1344,4,1.0,Sherbrooke,Rock Forest - Rue Wellington,1991,COURTIER,2026-08-24,5556,1,false,,,,Propriete lumineuse avec grande salle de sejour
P0318,LOCATION,MAISON,4290,2869,4,2.5,Longueuil,Vieux-Longueuil - Boulevard Taschereau,1996,COURTIER,2026-07-16,5609,1,false,,,,Belle residence avec foyer au bois et veranda
P0319,VENTE,CONDO,739000,1153,2,2.0,Montreal,Ville-Marie - Rue Saint-Denis,2025,COURTIER,2026-08-28,,,,3,353,false,Unite renovee avec balcon et rangement
P0320,LOCATION,MAISON,4450,2132,4,2.5,Montreal,Le Plateau - Rue Saint-Denis,2005,COURTIER,2026-07-08,3746,2,true,,,,Belle residence avec foyer au bois et veranda
P0321,LOCATION,MAISON,3530,2032,3,2.0,Laval,Chomedey - Boulevard des Laurentides,1963,PROPRIETAIRE_DIRECT,2026-06-27,3901,2,false,,,,Maison spacieuse dans un secteur tranquille
P0322,LOCATION,CONDO,1080,625,2,2.0,Longueuil,Saint-Hubert - Boulevard Taschereau,1992,COURTIER,2026-07-07,,,,13,0,false,Unite renovee avec balcon et rangement
P0323,VENTE,CONDO,800000,1358,3,1.0,Montreal,Villeray - Rue Ontario,1963,PROPRIETAIRE_DIRECT,2026-06-01,,,,6,638,false,Unite bien entretenue dans un immeuble recent
P0324,VENTE,MAISON,1209000,2774,3,2.0,Laval,Vimont - Rue Principale,2001,COURTIER,2026-08-13,5332,1,true,,,,Maison familiale avec cour arriere amenagee
P0325,LOCATION,CONDO,1480,743,2,1.5,Laval,Vimont - Avenue des Perron,1988,COURTIER,2026-08-18,,,,5,0,true,Appartement au coeur du quartier avec transport a proximite
P0326,LOCATION,MAISON,3110,1741,5,1.5,Montreal,Villeray - Boulevard Saint-Laurent,1979,COURTIER,2026-06-01,7070,2,false,,,,Propriete lumineuse avec grande salle de sejour
P0327,VENTE,CONDO,273000,599,2,1.0,Laval,Sainte-Rose - Boulevard des Laurentides,1969,COURTIER,2026-08-13,,,,6,327,false,Condo moderne avec aire ouverte et grandes fenetres
P0328,VENTE,CONDO,674000,1137,3,1.0,Montreal,Ahuntsic - Rue Saint-Denis,1997,COURTIER,2026-06-22,,,,7,470,true,Appartement au coeur du quartier avec transport a proximite
P0329,VENTE,MAISON,1005000,2244,3,2.5,Longueuil,Vieux-Longueuil - Rue Saint-Charles,2016,COURTIER,2026-08-27,6959,1,true,,,,Maison spacieuse dans un secteur tranquille
P0330,VENTE,CONDO,422000,731,3,1.0,Montreal,Verdun - Avenue Mont-Royal,1972,COURTIER,2026-05-08,,,,11,352,false,Condo moderne avec aire ouverte et grandes fenetres
P0331,VENTE,MAISON,1607000,3053,4,2.0,Montreal,Verdun - Avenue Mont-Royal,1991,COURTIER,2026-06-29,5595,2,true,,,,Maison spacieuse dans un secteur tranquille
P0332,VENTE,CONDO,327000,703,3,1.0,Laval,Duvernay - Boulevard Saint-Martin,1992,COURTIER,2026-05-26,,,,5,325,false,Condo lumineux a distance de marche du metro
P0333,VENTE,MAISON,800000,1865,3,1.0,Quebec,Sainte-Foy - Rue Sainte-Catherine,2014,COURTIER,2026-05-29,5896,1,true,,,,Maison spacieuse dans un secteur tranquille
P0334,VENTE,MAISON,1226000,2329,5,3.0,Montreal,Villeray - Rue Sainte-Catherine,1986,COURTIER,2026-06-07,7278,2,true,,,,Maison de plain-pied pres des ecoles et des parcs
P0335,VENTE,MAISON,732000,1858,3,1.0,Longueuil,Greenfield Park - Boulevard Taschereau,1958,COURTIER,2026-06-11,5095,1,false,,,,Belle residence avec foyer au bois et veranda
P0336,VENTE,MAISON,1471000,2370,3,1.5,Montreal,Rosemont - Avenue du Parc,2004,PROPRIETAIRE_DIRECT,2026-07-21,5570,3,true,,,,Maison spacieuse dans un secteur tranquille
P0337,VENTE,MAISON,828000,1773,3,2.0,Longueuil,Saint-Hubert - Boulevard Taschereau,1984,PROPRIETAIRE_DIRECT,2026-05-09,3681,1,true,,,,Cottage renove avec cuisine moderne et sous-sol fini
P0338,LOCATION,CONDO,1670,922,1,1.0,Laval,Chomedey - Boulevard Saint-Martin,2020,PROPRIETAIRE_DIRECT,2026-05-12,,,,2,0,false,Condo moderne avec aire ouverte et grandes fenetres
P0339,VENTE,CONDO,312000,681,3,1.5,Laval,Vimont - Boulevard Saint-Martin,1968,PROPRIETAIRE_DIRECT,2026-08-08,,,,11,370,true,Condo moderne avec aire ouverte et grandes fenetres
P0340,LOCATION,MAISON,5370,2519,5,3.0,Montreal,Le Plateau - Rue Ontario,2008,COURTIER,2026-07-28,4623,2,true,,,,Maison familiale avec cour arriere amenagee
P0341,LOCATION,CONDO,1570,756,1,1.5,Montreal,Villeray - Boulevard Saint-Laurent,1995,PROPRIETAIRE_DIRECT,2026-07-04,,,,4,0,false,Unite renovee avec balcon et rangement
P0342,LOCATION,CONDO,1700,810,1,1.0,Montreal,Rosemont - Boulevard Saint-Laurent,1982,COURTIER,2026-07-23,,,,4,0,true,Logement pratique et ideal pour un premier achat
P0343,VENTE,MAISON,1094000,2160,3,1.0,Montreal,Ville-Marie - Boulevard Saint-Laurent,1962,COURTIER,2026-07-18,7454,2,true,,,,Belle residence avec foyer au bois et veranda
P0344,VENTE,CONDO,445000,832,3,2.0,Laval,Sainte-Rose - Boulevard des Laurentides,1989,COURTIER,2026-05-14,,,,14,257,true,Logement pratique et ideal pour un premier achat
P0345,VENTE,MAISON,1113000,2699,3,2.0,Longueuil,Vieux-Longueuil - Rue Saint-Charles,2008,COURTIER,2026-08-26,6161,1,false,,,,Cottage renove avec cuisine moderne et sous-sol fini
P0346,LOCATION,MAISON,3640,2450,4,1.0,Quebec,Sainte-Foy - Rue Saint-Jean,1988,PROPRIETAIRE_DIRECT,2026-05-25,4819,2,true,,,,Maison spacieuse dans un secteur tranquille
P0347,LOCATION,CONDO,1110,653,2,1.0,Laval,Vimont - Boulevard des Laurentides,1963,COURTIER,2026-08-25,,,,10,0,true,Unite bien entretenue dans un immeuble recent
P0348,LOCATION,MAISON,6240,2951,3,1.0,Montreal,Villeray - Avenue Mont-Royal,2000,COURTIER,2026-07-29,4894,1,false,,,,Belle residence avec foyer au bois et veranda
P0349,VENTE,CONDO,785000,1329,1,1.0,Montreal,Le Plateau - Rue Ontario,1966,COURTIER,2026-08-02,,,,2,466,false,Unite renovee avec balcon et rangement
P0350,LOCATION,CONDO,2030,828,2,1.0,Montreal,Verdun - Rue Sainte-Catherine,2015,COURTIER,2026-08-17,,,,14,0,true,Logement pratique et ideal pour un premier achat
